name,aliases,category,big9_flags
onion,yellow onion;white onion,produce,
red onion,,produce,
garlic,garlic clove;fresh garlic,produce,
shallot,,produce,
scallion,green onion;spring onion,produce,
leek,,produce,
ginger,fresh ginger;ginger root,produce,
carrot,baby carrot,produce,
celery,celery stalk,produce,
bell pepper,sweet pepper;red bell pepper;green bell pepper;capsicum,produce,
jalapeno,jalapeno pepper,produce,
tomato,roma tomato;beefsteak tomato,produce,
cherry tomato,grape tomato,produce,
potato,white potato;russet potato;yukon gold potato,produce,
sweet potato,yam,produce,
broccoli,,produce,
cauliflower,,produce,
cabbage,green cabbage;red cabbage;napa cabbage,produce,
brussels sprout,,produce,
kale,,produce,
spinach,baby spinach,produce,
arugula,rocket,produce,
romaine lettuce,romaine,produce,
lettuce,iceberg lettuce;head lettuce,produce,
swiss chard,chard,produce,
collard greens,collards,produce,
zucchini,courgette,produce,
yellow squash,summer squash,produce,
butternut squash,winter squash,produce,
cucumber,english cucumber,produce,
mushroom,button mushroom;cremini mushroom;white mushroom,produce,
eggplant,aubergine,produce,
green bean,string bean;wax bean,produce,
asparagus,,produce,
corn,sweet corn;corn kernel;canned corn,produce,
green pea,pea;frozen pea,produce,
beet,beetroot,produce,
radish,,produce,
turnip,,produce,
parsnip,,produce,
pumpkin,canned pumpkin;pumpkin puree,produce,
avocado,,produce,
fennel,fennel bulb,produce,
parsley,flat-leaf parsley;italian parsley;curly parsley,produce,
cilantro,fresh coriander;coriander leaf,produce,
basil,fresh basil,produce,
mint,fresh mint;spearmint,produce,
dill,fresh dill,produce,
chive,,produce,
thyme,fresh thyme,produce,
rosemary,fresh rosemary,produce,
sage,fresh sage,produce,
lemon,,produce,
lime,,produce,
orange,navel orange;mandarin orange,produce,
apple,granny smith apple;gala apple,produce,
banana,,produce,
strawberry,,produce,
blueberry,,produce,
raspberry,,produce,
blackberry,,produce,
grape,red grape;green grape,produce,
peach,,produce,
pear,,produce,
plum,,produce,
cherry,,produce,
pineapple,,produce,
mango,,produce,
watermelon,,produce,
cantaloupe,muskmelon,produce,
kiwi,kiwifruit,produce,
grapefruit,,produce,
raisin,golden raisin,produce,
dried cranberry,craisin,produce,
date,medjool date,produce,
dried apricot,,produce,
chicken breast,boneless skinless chicken breast;chicken cutlet,protein,
chicken thigh,boneless chicken thigh;bone-in chicken thigh,protein,
whole chicken,chicken;roasting chicken,protein,
ground turkey,,protein,
turkey breast,turkey,protein,
ground beef,hamburger meat;minced beef;lean ground beef,protein,
beef steak,steak;sirloin steak;ribeye steak;strip steak,protein,
beef chuck roast,chuck roast;pot roast;beef stew meat,protein,
ground pork,minced pork,protein,
pork chop,,protein,
pork tenderloin,pork loin,protein,
pork shoulder,pork butt;boston butt,protein,
ham,deli ham;smoked ham,protein,
bacon,,protein,
italian sausage,pork sausage;sausage,protein,
lamb,leg of lamb;lamb chop;ground lamb,protein,
salmon,salmon fillet;atlantic salmon,protein,
cod,cod fillet,protein,
tilapia,,protein,
trout,rainbow trout;freshwater trout,protein,
halibut,,protein,
canned tuna,tuna;light tuna;albacore tuna,protein,
anchovy,anchovy fillet;anchovy paste,protein,
sardine,canned sardine,protein,
shrimp,prawn,protein,
scallop,sea scallop;bay scallop,protein,
mussel,,protein,
clam,,protein,
crab,crab meat;lump crab,protein,
egg,chicken egg;large egg,protein,
tofu,bean curd;firm tofu,protein,
tempeh,,protein,
edamame,young soybean;soybean,protein,
black bean,canned black bean,protein,
kidney bean,red kidney bean,protein,
pinto bean,,protein,
cannellini bean,white bean;white kidney bean,protein,
navy bean,,protein,
chickpea,garbanzo bean;canned chickpea,protein,
lentil,red lentil;green lentil;brown lentil,protein,
split pea,,protein,
almond,raw almond;sliced almond;slivered almond,protein,
walnut,walnut half,protein,
pecan,,protein,
cashew,,protein,
pistachio,,protein,
hazelnut,filbert,protein,
peanut,roasted peanut,protein,
pine nut,pignoli,protein,
sunflower seed,,protein,
pumpkin seed,pepita,protein,
sesame seed,toasted sesame seed,protein,
chia seed,,protein,
flax seed,flaxseed;linseed;ground flaxseed,protein,
milk,whole milk;2% milk;skim milk,dairy,
buttermilk,,dairy,
heavy cream,heavy whipping cream;double cream,dairy,
sour cream,,dairy,
cream cheese,,dairy,
butter,unsalted butter;salted butter,dairy,
yogurt,plain yogurt,dairy,
greek yogurt,plain greek yogurt,dairy,
cheddar,cheddar cheese;sharp cheddar,dairy,
mozzarella,mozzarella cheese;fresh mozzarella,dairy,
parmesan,parmesan cheese;parmigiano-reggiano;grated parmesan,dairy,
feta,feta cheese,dairy,
goat cheese,chevre,dairy,
ricotta,ricotta cheese,dairy,
cottage cheese,,dairy,
white rice,long-grain white rice;jasmine rice;basmati rice,grain,
brown rice,,grain,
arborio rice,risotto rice,grain,
pasta,spaghetti;penne;macaroni;fusilli;rotini;lasagna noodle,grain,
egg noodle,,grain,
couscous,,grain,
quinoa,,grain,
oat,rolled oats;old-fashioned oats;oatmeal;quick oats,grain,
barley,pearl barley,grain,
bulgur,bulgur wheat,grain,
farro,,grain,
cornmeal,polenta;corn grits;grits,grain,
breadcrumb,breadcrumbs;panko;panko breadcrumbs,grain,
bread,sandwich bread;baguette;crusty bread,grain,
flour tortilla,tortilla,grain,
corn tortilla,,grain,
cracker,saltine;saltine cracker,grain,
popcorn,popcorn kernel,grain,
olive oil,extra-virgin olive oil;evoo;light olive oil,fat,
vegetable oil,canola oil;neutral oil;soybean oil,fat,
sesame oil,toasted sesame oil,fat,
coconut oil,virgin coconut oil,fat,
peanut oil,,fat,
salt,kosher salt;table salt;sea salt;fine salt,spice,
black pepper,black peppercorn;ground black pepper,spice,
cayenne pepper,ground cayenne;cayenne,spice,
red pepper flake,crushed red pepper;chili flake,spice,
paprika,sweet paprika,spice,
smoked paprika,,spice,
chili powder,chile powder,spice,
cumin,ground cumin;cumin seed,spice,
coriander,ground coriander;coriander seed,spice,
turmeric,ground turmeric,spice,
curry powder,,spice,
garlic powder,granulated garlic,spice,
onion powder,,spice,
oregano,dried oregano,spice,
bay leaf,dried bay leaf,spice,
cinnamon,ground cinnamon;cinnamon stick,spice,
nutmeg,ground nutmeg;whole nutmeg,spice,
clove,ground clove;whole clove,spice,
allspice,ground allspice,spice,
ground ginger,ginger powder;dried ginger,spice,
cardamom,ground cardamom;cardamom pod,spice,
fennel seed,,spice,
mustard powder,dry mustard;ground mustard,spice,
italian seasoning,dried italian herbs,spice,
cajun seasoning,creole seasoning,spice,
dried thyme,,spice,
dried basil,,spice,
ketchup,tomato ketchup;catsup,condiment,
mayonnaise,mayo,condiment,
dijon mustard,french mustard,condiment,
yellow mustard,american mustard;prepared mustard,condiment,
soy sauce,tamari;shoyu;light soy sauce,condiment,
fish sauce,,condiment,
worcestershire sauce,,condiment,
hot sauce,tabasco;sriracha;louisiana hot sauce,condiment,
oyster sauce,,condiment,
balsamic vinegar,,condiment,
red wine vinegar,,condiment,
white wine vinegar,,condiment,
apple cider vinegar,cider vinegar,condiment,
rice vinegar,rice wine vinegar;unseasoned rice vinegar,condiment,
white vinegar,distilled white vinegar;distilled vinegar,condiment,
honey,,condiment,
maple syrup,pure maple syrup,condiment,
jam,jelly;fruit preserves;strawberry jam,condiment,
peanut butter,creamy peanut butter;crunchy peanut butter,condiment,
almond butter,,condiment,
tahini,sesame paste;sesame butter,condiment,
olive,kalamata olive;green olive;black olive,condiment,
caper,,condiment,
pickle,dill pickle;pickled cucumber,condiment,
salsa,jarred salsa,condiment,
bbq sauce,barbecue sauce,condiment,
pesto,basil pesto,condiment,
all-purpose flour,plain flour;white flour;ap flour,baking,
whole-wheat flour,wholemeal flour,baking,
granulated sugar,white sugar;sugar;caster sugar,baking,
brown sugar,light brown sugar;dark brown sugar,baking,
powdered sugar,confectioners sugar;icing sugar,baking,
baking soda,bicarbonate of soda;sodium bicarbonate,baking,
baking powder,,baking,
yeast,active dry yeast;instant yeast,baking,
cornstarch,corn starch;cornflour,baking,
vanilla extract,pure vanilla extract;vanilla,baking,
cocoa powder,unsweetened cocoa powder;dutch-process cocoa,baking,
chocolate chip,semisweet chocolate chip;chocolate chips,baking,
dark chocolate,baking chocolate;bittersweet chocolate,baking,
cream of tartar,,baking,
molasses,blackstrap molasses,baking,
chicken broth,chicken stock;low-sodium chicken broth,other,
beef broth,beef stock,other,
vegetable broth,vegetable stock,other,
canned tomato,canned diced tomato;canned whole tomato;crushed tomato,other,
tomato paste,,other,
tomato sauce,passata;tomato puree,other,
coconut milk,canned coconut milk,other,
white wine,dry white wine,other,
red wine,dry red wine,other,
